Keywords,Descriptions,Cluster
Harvard University,"5 hours ago ¬∑ Harvard University is devoted to excellence in teaching, learning, and research, and to developing leaders in many disciplines who make  Harvard University is a private Ivy League research university in Cambridge, Massachusetts, with about 6,700 undergraduate students and about 13,100¬†.",0
Web directory,"A web directory or link directory is an online list or catalog of websites. That is, it is a directory on the World Wide Web of (all or part of) the W Jan 29, 2019 ¬∑ In the early days of SEO, web directories were the thing. Back then, the Google algorithm was a lot easier to game. If your site was li Web Directory - Submit your website to the Internet's fastest growing directory! Category based and cross-referenced.",4
Harvard Library,"Welcome to Library.harvard ... Connect with the library materials you need to get your work done. ... Use Harvard Library's Special Collections and Ar HOLLIS is the Harvard Library's catalog. Search HOLLIS for books, articles ... Use Interlibrary Loan for items from libraries around the world. Reques The Harvard Library is the umbrella organization for the Harvard University libraries and their .... Harvard Library also has a robust collection of d",3
Recreation,"These example sentences are selected automatically from various online news sources to reflect current usage of the word 'recreation.'  Views expresse The Recreation Department provides quality, affordable and accessible recreational opportunities for residents of all ages in well-designed and mainta Jun 17, 2019 ¬∑ Expect traffic impacts from the Cambridge Half Marathon Sunday, Nov. 3, from 7-10 a.m., in Kendall Square, MIT, CambridgePort, Riversid",4
Stanford,"Stanford University, one of the world's leading teaching and research institutions, is dedicated to finding solutions to big challenges and to prepari Leland Stanford Junior University (Stanford University or Stanford) is a private research university in Stanford, California. Stanford is known for it",0
Nonprofit organization,"A nonprofit organization, also known as a non-business entity, not-for-profit organization, or nonprofit institution, is dedicated to furthering a par May 13, 2019 ¬∑ A nonprofit organization is a business that has been granted tax-exempt status by the Internal Revenue Service (IRS) because it further America's 1.3 million charitable nonprofits feed, heal, shelter, educate, inspire ... not paying out profits (‚Äúno part of the organization's net earni",4
Food truck,"Jul 19, 2019 ¬∑ You can find information on food trucks by neighborhood. We also have a map that features food trucks from across the City, including t Cambridge Food Truck Program Schedule: May 2019 - April 2020.  The following trucks were awarded shifts through the Cambridge Food Truck Program.  To ",4
Biology,"Biology is the natural science that studies life and living organisms, including their physical structure, chemical processes, molecular interactions, Aug 10, 2017 ¬∑ Biologists study the structure, function, growth, origin, evolution and distribution of living organisms.  There are generally consider Life is beautiful! From atoms to cells, from genes to proteins, from populations to ecosystems, biology is the study of the fascinating and intricate ",1
Engineer,"Engineers, as practitioners of engineering, are professionals who invent, design, analyze, build, and test machines, systems, structures and materials Aug 22, 2014 ¬∑ Engineering is the application of science and math to solve problems. Engineers figure out how things work and find practical uses for  Interested in the types of engineering degrees available? View the most in-depth list of engineering degree program comparisons & schools online.
High",1
Cornell University,"Cornell University is a private research university that provides an exceptional education for undergraduates and graduate and professional students.  Cornell University is a private and statutory Ivy League research university in Ithaca, New York. Founded in 1865 by Ezra Cornell and Andrew Dickson W",0
John A Paulson School Of Engineering And Applied Sciences,"American Indian Science and Engineering Society (AISES) National Conference. Harvard is a Proud Participant and Exhibitor. Thursday. |. Wisconsin Cent Through the Graduate School of Arts and Sciences, prospective students apply ... at the Harvard John A. Paulson School of Engineering and Applied Scie The Harvard John A. Paulson School of Engineering and Applied Sciences ( SEAS) is the engineering school within Harvard University's Faculty of Arts a",2
Ivy League,"The official athletics website for Ivy League. ... Ivy Interactions. #OneIvy. MXC_1101. Penn Pulls Out Men's Team Title, Columbia's Vasbinder Claims T The Ivy League is an American collegiate athletic conference comprising sports teams from eight private universities in the Northeastern United States Sep 23, 2019 ¬∑ Ivy League schools are considered the most sought-after institutions of higher learning in the country and around the world. These eigh",4
Lecture,"These example sentences are selected automatically from various online news sources to reflect current usage of the word 'lecture.'  Views expressed i A lecture is an oral presentation intended to present information or teach people about a particular subject, for example by a university or college t Lecture definition, a speech read or delivered before an audience or class, especially for instruction or to set forth some subject: a lecture on Pica",1
Graduation ceremony,"Graduation is the award of a diploma or academic degree, or the ceremony that is sometimes associated with it, in which students become graduates. The Mar 18, 2019 ¬∑ The day has come and you're finally graduating. Learn everything you need to know about what happens during a graduation ceremony with¬† There is one COM Graduate Convocation (Hooding Ceremony) and one All- University Commencement Ceremony held each year in May. Please read this page¬†..",4
Computer Science,"Computer science is the study of processes that interact with data and that can be represented as data in the form of programs. It enables the use of  Computer Science is the study of computers and computational systems. Unlike electrical and computer engineers, computer scientists deal mostly with s Oct 10, 2019 ¬∑ Computer Science at the Harvard School of Engineering studies both the fundamentals of computation and computation's interaction with t",2
Harvard Summer School,"Summer courses for adult & college students, programs for high school students, and study abroad programs. Study on campus or online. Harvard is committed to helping you cover the cost of your entire education, including summer school. If you receive need-based aid during the regular Harvard Summer School (founded 1871) is a summer school located at Harvard University. It serves more than 5,000 students per year.

Established: 1871",2
Harvard Art Museums,"The Harvard Art Museums ‚Äî the Fogg, Busch-Reisinger, and Arthur M. Sackler Museums. Advanced Search. Classification; Work Type; Technique / Medium¬†... The Harvard Art Museums are committed to creating an environment that fosters ... The Art Study Center welcomes visitors by appointment (free with mus November 17, 2018‚ÄìNovember 14, 2021 University Collections Gallery: African Art, Harvard Art Museums. This exhibition highlights artistic innovation a",3
Pay grade,"A pay grade is a step within a compensation system that defines the amount of pay an employee will receive. The pay grade is generally defined by the  A pay grade is a unit in systems of monetary compensation for employment. It is commonly used in public service, both civil and military, but also for Knowing your pay grade details will help you get paid what you're worth.",1
Economics,"Economics is the social science that studies the production, distribution, and consumption of goods and services. Economics focuses on the behaviour a Economics can be defined in a few different ways. It's the study of scarcity, the study of how people use resources and respond to incentives, or the ",1
Google Scholar,The system can't perform the operation now. Try again later. Advanced search. Find articles. with all of the words. with the exact phrase. with at lea,1
Brown University,"Brown is a leading research university, home to world-renowned faculty and also an innovative educational institution where the curiosity, creativity  Brown University is a private Ivy League research university in Providence, Rhode Island. Founded in 1764 as the College in the English Colony of Rhod Rating  5.0  (7) Brown University is a private institution that was founded in 1764. It has a total undergraduate enrollment of 7,043, its setting is ",0
Spring break,"Spring break is a vacation period in early spring at universities and schools which started during the 1930s in the United States and is now observed  The best spring break of your life! All-inclusive spring break packages to hot destinations with the best nightlife, wild activities, and crazy fun. Spring Break spans late February to mid-April, with March being the peak period. However, dates can vary depending on your college or university, so b",1
WiFi,"Wi-Fi is a family of radio technologies commonly used for wireless local area networking .... The name is sometimes written as WiFi, Wifi, or wifi, bu XFINITY¬Æ WiFi by Comcast offers wireless internet service at millions of hotspots. Enjoy the fastest hotspots with the most Internet on the Go coverag We use cookies on this site to enhance your user experience. By clicking any link on this page you are giving your consent for us to set cookies. No, ",1
Syllabus,"A syllabus or specification is an academic document that communicates information about a specific course and defines expectations and responsibilitie There's never a bad time to re-examine and rethink how to write your syllabus. This guide walks you through everything you need to know, with specific About Syllabi. A syllabus is your guide to a course and what will be expected of you in the course. Generally it will include course policies, rules a",1
study abroad,"Study Abroad and the BU Hub.  Beginning in the Fall 2019 students will be able to fulfill HUB requirements on many BU-administered programs.  ... It‚Äôs Top Study Abroad Program Opportunities.  ... Maximo Nivel offers university programs year round including Fall Semester, Winter Session (J-term), Spri Explore Study Abroad Programs | Intern Abroad, Intensive Language Abroad, Teach Abroad, Volunteer Abroad, Full Degrees Abroad on the Top¬†...
Scholarsh",4
Yale University,"Since its founding in 1701, Yale University has been dedicated to expanding and sharing knowledge, inspiring innovation, and preserving cultural and s Yale University is a private Ivy League research university in New Haven, Connecticut. Founded in 1701, it is the third-oldest institution of higher e Heroes Day at the Yale Bowl! With the help of Handsome Dan, today‚Äôs @yalefootball game recognized military veterans & first responders #BoolaBoola #Ya",0
Faculty,"Faculty definition is - ability, power: such as. How to use faculty in a sentence. Synonym Discussion of faculty. Faculty definition, an ability, natural or acquired, for a particular kind of action: a faculty for making friends easily. See more. Oct 21, 2013 ¬∑ Harvard students have access to some of the world's greatest scholars. Learn more about our faculty and their impactful role in the Col",3
Boston University Terriers mens ice hockey,The official 2019-20 Men's Ice Hockey schedule for the Boston University Terriers . The official 2018-19 Men's Ice Hockey schedule for the Boston University Terriers . The official 2019-20 Men's Ice Hockey Roster for the Boston University Terriers.,4
Bauhaus,"The Staatliches Bauhaus commonly known as the Bauhaus, was a German art school operational from 1919 to 1933 that combined crafts and the fine arts, a The Bauhaus was founded in 1919 in the city of Weimar by German architect Walter Gropius (1883‚Äì1969).  ... Gropius explained this vision for a union o Nov 21, 2010 ¬∑ The Bauhaus school redefined artistic creativity and manufacturing, fine and applied art, and lead Gropius, Klee, Albers, Breuer+ to fu",2
Hasty Pudding Theatricals,"The Hasty Pudding Institute of 1770 comprises the Hasty Pudding Club, Hasty ... The Hasty Pudding Theatricals is the third oldest theater organization PUNS The Hasty Pudding Theatricals is the third oldest theater organization in the world, preceded only by the Com√©die-Fran√ßaise and the Oberammergau¬† The Hasty Pudding Theatricals, known informally simply as The Pudding, is a theatrical student society at Harvard University, known for its burlesque¬†",3
Brandeis,"Brandeis University is a private research university with a liberal arts focus in Waltham/Boston, Massachusetts. Brandeis University /Ààbr√¶nda…™s/ is a private research university in Waltham, Massachusetts. Founded in 1948 as a non-sectarian, coeducational institut üêáüêá",0
The Harvard Crimson,"3 days ago ¬∑ Fifty-two percent of respondents to Harvard's pilot Pulse Survey on Inclusion and Belong said they agree or strongly agree with a stateme The Harvard Crimson, the daily student newspaper of Harvard University, was founded in 1873. It is the only daily newspaper in Cambridge, Massachusett Brown University Physics professor Sylvester J. Gates, Jr. described how scientists found evidence for Albert Einstein‚Äôs theory of relativity in a tal",3
Carat,"We're Carat, the #1 Global Media Network. (RECMA, 2018) The carat (ct) is a unit of mass equal to 200 mg (0.00705 oz) or 0.00643 troy oz, and is used for measuring gemstones and pearls. The current definiti Crossroads & XID Users: It may take an hour from the time you create your account for CARAT to recognize your XID. Non-Harvard applicants create your ",3
Editing,"The Best Online Photo Editor, Ever.  ... Taking pictures is fun ‚Äì shouldn't your photo editor be fun, too?  ... BeFunky Photo Editor has smart enhance Experience smarter and faster photo editing. Pixlr X is the only photo editor you need for quick yet professional edits. Designed with just the right  Editing is the process of selecting and preparing writing, photography, visual, audible, and film media used to convey information. The editing proces",1
Lil Pump,"Gazzy Garcia (born August 17, 2000), known professionally as Lil Pump, is an American rapper and songwriter. He is known for his hyperactive public pe Oct 23, 2017 ¬∑ Lil pump 442,850,427 views.  50+ videos Play all Mix - Lil Pump - ""Gucci Gang"" (Official ...Duration: 2:11
Posted: Oct 23, 2017 Official YouTube channel of Tha Lights Global artist Lil Pump.",1
Harvard University Health Services,"To Educate. Primary and specialty care for the Harvard community. ... Nutrition ¬∑ Mount Auburn Obstetrics and Gynecology at Harvard University Health  If you have a Harvard ID number but don't have a HarvardKey, you may be able to ... assigned to you by HUHS Health Information Services/Medical Record Comprehensive coverage for Harvard students and their dependents. Let us simplify how Harvard health insurance works for you. Learn more.",3
Natural history,"The museum combines historic exhibits drawn from the University's vast collections with new and changing, multimedia exhibitions. Highlights include H The Harvard Museum of Natural History is adjacent to the Peabody Museum of Archaeology & Ethnology, and admission to one museum admits you to both¬†... Natural history is a domain of inquiry involving organisms, including animals, fungi and plants, in their natural environment, leaning more towards ob",3
Campus,"Company ¬∑ Blog Careers Infinite Campus Foundation Magazine News Our Technology Partners Stores Success Stories Videos¬†...
Login ¬∑ Parent or Student ¬∑  A campus is traditionally the land on which a college or university and related institutional buildings are situated. Usually a college campus include From our libraries to our museums, our support services to our common spaces, our campus is teeming with resources to guide your experience.",1
Columbia University,"Five individuals sit around a table at Columbia Startup Lab. Innovation. The Columbia ... University-wide commencement information. Annette Lopes smil Columbia University is a private Ivy League research university in New York City. Established in 1754 near the Upper West Side region of Manhattan, Co",0
Gazette,"A breakdown of upcoming lectures, presentations and gatherings hosted by Harvard University. Official news from Harvard covering innovation in teaching, learning, and research.
Harvard Events ¬∑ About ¬∑ News + ¬∑ Science & Technology A gazette is an official journal, a newspaper of record, or simply a newspaper. In English- and French-speaking countries, newspaper publishers have a",3
Master of Business Administration,"The Master of Business Administration (MBA or M.B.A.) degree originated in the United States in the early 20th century when the country industrialized Sep 23, 2019 ¬∑ A master of business administration (MBA) is a graduate degree that provides theoretical and practical training for business or investm The Master of Business Administration (MBA) degree program at Cambridge College offers a graduate seminar series designed to develop team work and¬†...",4
Dropping out,"Dropping out means leaving high school, college, university or another group for practical reasons, necessities, or disillusionment with the system fr Discover 7 steps for how to drop out of high school and create a successful future . Plus, learn some critical facts to consider before taking the plu",2
Squash,"The different type of Squash - summer and winter for squash are only based on current usage, not on actuality. Learn about the different types of squa Jul 16, 2019 ¬∑ Come fall, your squash options can get a little overwhelming. So here's a comprehensive breakdown of some of the most popular and versa Oct 14, 2019 ¬∑ Whether you're baking or cooking, squash can be absolutely delicious in a variety of meals. Here's everything you need to know about sq",4
Princeton University,"Oct 15, 2019 ¬∑ Through teaching and research, we educate people who will contribute to society and develop knowledge that will make a difference in th Princeton University is a private Ivy League research university in Princeton, New Jersey. Founded in 1746 in Elizabeth as the College of New Jersey,  Princeton University is a private institution that was founded in 1746. It has a total undergraduate enrollment of 5,428, its setting is suburban, and",0
Dartmouth College,"Music: Dartmouth College Wind Ensemble. November 2. Athletics at home: Women's tennis Big Green Invitational; equestrian; women's ice hockey. November Dartmouth College is a private Ivy League research university in Hanover, New Hampshire, United States. Established in 1769 by Eleazar Wheelock, it is",1
Undergraduate education,"Undergraduate education is education conducted after secondary education and prior to post-graduate education. It typically includes all the academic¬† Undergraduate education is a level of education wherein a student completes their first degree. The first degree of an undergraduate degree is normall This section outlines the general requirements together with other important aspects of undergraduate education, including admissions and financial ai",1
Harvard University Employees Credit Union,"Get exclusive access to the very best banking solutions and exceptional customer service with the Harvard University Employees Credit Union. As a not-for-profit cooperative, the Harvard University Employees Credit Union ( HUECU) helps members achieve their financial goals by offering low-co Make sure you are ready for our technology upgrade happening this weekend by taking a few simple steps.Prepare For Launch This Weekend hubs.ly/H0lBjH8",3
Harvard Real Estate,"We also own and manage an off-campus commercial office park and retail locations that are leased to non-University clients.  ... Harvard University Ho Faculty Real Estate Services, a division of Harvard University Housing, provides a broad range of housing services to both current faculty members and Meet Our Property Management Teams ¬∑ Harvard Real Estate - Property Management ¬∑ Meet Our Leasing Team ¬∑ Harvard Real Estate - Leasing ¬∑ Our Promise t",3
Thesis,"This handout describes what a thesis statement is, how thesis statements work in your writing, and how you can craft or refine one for your draft.  .. An effective thesis cannot be answered with a simple ""yes"" or ""no."" A thesis is not a topic; nor is it a fact; nor is it an opinion. ""Reasons for the  A thesis statement focuses your ideas into one or two sentences. It should present the topic of your paper and also make a comment about your position",1
Grant,"Grants are non-repayable funds or products disbursed or given by one party ( grant makers), often a government department, corporation, foundation or  Grant definition is - to consent to carry out for a person : allow fulfillment of. How to use grant in a sentence. Synonym Discussion of grant. Convenience Comes to Federal Grants. Download the Grants.gov Mobile App to search and submit on the go. Download on the App Store ¬∑ Get it on Google¬†.",1
Tutor,"Get a tutor 24/7 in 40+ subjects including Math, Science and English. We help thousands of students get better grades every day. Get an expert tutor n 799 Tutor jobs available in Cambridge, MA on Indeed.com. Apply to Tutor, Test Preparation Tutor and more! Find 190 affordable tutors in Cambridge, MA. Search local listings by rates, reviews, experience, and more - all for free. Match made on Care.com ever",1
Postdoctoral researcher,A postdoctoral researcher or postdoc is a person professionally conducting research after the completion of their doctoral studies (typically a PhD).  Postdocs are not valuable in academia. It's simple economics. Here's why a postdoctoral researcher position will pay you less than a librarian's salar Postdoctoral Research Opportunities with annual salaries and stipends up to $75000 per year.,0
Doctor of Medicine,"Doctor of Medicine is a medical degree, the meaning of which varies between different jurisdictions. In the United States, Canada and some other count Duke's Doctor of Medicine (M.D.) Program seeks to prepare a diverse student body to pursue a spectrum of medical career options in order to become phy Nov 21, 2017 ¬∑ Research the requirements to become a doctor of medicine. Learn about the job description and ...Duration: 5:12
Posted: Nov 21, 2017",0
Resource,"These example sentences are selected automatically from various online news sources to reflect current usage of the word 'resource.'  Views expressed  Resource definition, a source of supply, support, or aid, especially one that can be readily drawn upon when needed. See more. A resource is a source or supply from which a benefit is produced and that has some utility. Resources can broadly be classified upon their availabili",1
PubMed,"PubMed comprises more than 30 million citations for biomedical literature from MEDLINE, life science journals, and online books. Citations may include PubMed Central¬Æ (PMC) is a free full-text archive of biomedical and life sciences journal literature at the U.S. National Institutes of Health's Natio",1
Harvard Physics Department,"Karen Olsson will talk with Mallinckrodt Professor of Physics Melissa Franklin about her Olsson's new book, The Weil Conjecture, with tells the story  The Department continued its commitment to secondary school physics education with the program ""Harvard Project Physics."" As faculty interest in the C The latest Tweets from Harvard Physics (@harvardphysics). Harvard University Department of Physics LinkedIn: http://t.co/ylf8QtGQI1. Cambridge, MA.",3
SAP Concur,"SAP Concur simplifies travel, expense and invoice management for total visibility and greater control. Start your test drive now! No information is available for this page. ¬∑ Learn why SAP Concur (formerly, Concur Technologies) is an American SaaS company, providing travel and expense management services to businesses.

Number of emp",1
University of Massachusetts Amherst,"University of Massachusetts at Amherst. ... to the executive order on immigration and other federal actions that affect UMass Amherst students, facult The University of Massachusetts Amherst is a public research and land-grant university in Amherst, Massachusetts. It is the flagship campus of the Uni Rating  3.7  (3,389) UMass is a highly rated public university located in Amherst Center, Massachusetts in the Springfield, MA Area. It is a large ins",0
Harvard Dining Services,"Harvard University Dining Services. Menu October 26, 2019. Undergraduate Dining ¬∑ Graduate ... Take a look at Dining@Harvard: The First 380 Years! Cam 6 days ago ¬∑ Harvard University Hospitality and Dining Services. < Back to menus ¬∑ Monday, October 28 ¬∑ Tuesday, October 29 ¬∑ Wednesday, October 30¬†.. If you live in on-campus housing, you participate in the board plan and enjoy a comprehensive dining program during your session. Your board plan allo",3
University of California Los Angeles,"UCLA advances knowledge, addresses pressing societal needs and creates a university enriched by diverse perspectives where all individuals can flouris The University of California, Los Angeles (UCLA), is a public research university in Los Angeles. It became the Southern Branch of the University of C Rating  5.0  (27) University of California‚ÄîLos Angeles is a public institution that was founded in 1919. It has a total undergraduate enrollment of 31",0
Seminar,"A seminar is a form of academic instruction, either at an academic institution or offered by a commercial or professional organization. It has the fun Seminar definition is - a group of advanced students studying under a professor with each doing original research and all exchanging results through r A seminar may be defined as a gathering of people for the purpose of discussing a stated topic. Such gatherings are usually interactive sessions where",0
Final examination,"A final examination, annual, exam, final interview, or simply final, is a test given to students at the end of a course of study or training. Although Final Examination is a 2003 American horror erotic thriller film which was directed by Fred Olen Ray (credited as Ed Raymond) and stars Kari W√ºhrer, B R | 1h 38min | Horror, Thriller | Video 21 October 2003.  ... A burned out L.A. detective moves to Hawaii, where he stumbles upon a murder at a colleg",1
Academic term,"An academic term (or simply term) is a portion of an academic year, the time during which an educational institution holds classes. The schedules adop Sep 24, 2019 ¬∑ Cambridge College ‚Ä∫‚Ä∫ Offices & Resources ‚Ä∫‚Ä∫.  ... Fall Term 2019-2020.  ... 03 Last day to submit application for degree/certificate fo This page contains the official academic calendar for the University of Massachusetts Boston.",4
Admissions,"Learn more about admissions requirements, timeline, and what we look for in an applicant. Find college admissions information including our majors, application requirements, housing and more. Get started on becoming a Boilermaker today! Email: undergrad.admissions@umb.edu. Graduate Admissions Phone: 617.287. 6400. Email: graduate.admissions@umb.edu. Financial Aid Phone: 617.287.",1
Athlete,"Athlete definition is - a person who is trained or skilled in exercises, sports, or games requiring physical strength, agility, or stamina. How to use An athlete or sportspeople (also sportsman or sportswoman) is a person who competes in one or more sports that involve physical strength, speed or end 4 days ago ¬∑ athlete meaning: 1. a person who is very good at sports or physical exercise, especially one who competes in‚Ä¶. Learn more.",1
Academic personnel,"The Office of Academic Personnel is a service organization whose mission is to facilitate the recruitment, appointment, advancement, and development o Academic personnel, also known as faculty (in North American usage) or academics or academic staff are the staff of a university: professors of variou Academic Personnel Policy Revision 2017.  ... The Academic Personnel Policy (APP) defines the personnel policies (appointment, promotion, tenure, empl",0
Alumnus,"Do you know if you're an alumnus or an alumni? Alumni actually is the plural form of alumnus, a Latin word that means a graduate or former student of  Alumnus definition is - a person who has attended or has graduated from a particular school, college, or university ‚Äîusually used of a man in the sing An alumnus or an alumna of a college, university, or other school is a former student who has either attended or graduated in some fashion from the in",2
John Harvard,"John Harvard (1607‚Äì1638) was an English minister in America, ""a godly gentleman and a lover of learning"" whose deathbed bequest to the ""schoale or¬†... John Harvard is a sculpture in bronze by Daniel Chester French in Harvard Yard, Cambridge, Massachusetts honoring John Harvard (1607‚Äì1638), whose¬†...
 6 days ago ¬∑ John Harvard, (born November 1607, London, Eng.‚Äîdied Sept. 14, 1638, Charlestown [part of Boston], Mass.  [U.S.]), New England colonist w",3
Wait list,"The first known use of wait-list was in 1960. See more words from the same year. More from Merriam-Webster on wait-list. Rhyming Dictionary: Words tha Wait list, in university and college admissions, is a term used in the United States and other countries to describe a situation in which a college or Waitlist definition, to place on a waiting list: All they could do was to waitlist us for the afternoon flight. See more.",1
College Confidential,"Finding--and getting into--the right college isn't easy. We guide you through it. Search colleges based on fit, learn what it takes to get in, figure  Oct 27, 2014 ¬∑ Ah, College Confidential: the web's premier community for college-bound individuals. Some love it, some have described it as, ‚Äúan absol As the world's largest college forum, College Confidential helps students find their best-fit educational path by exploring colleges and careers, lear",1
Fencing,"Fencing is a group of three related combat sports. The three disciplines in modern fencing are the foil, the √©p√©e, and the sabre (also saber); winning Located in Cambridge, MA, Olympia Fencing Center is the gathering place of fencing enthusiasts around Boston. Join our team of champions today! Boston Fencing Club is the oldest fencing club in the country - since 1858. BFC is a non-profit organization dedicated to teaching the Olympic sport o",1
Harvard Crimson fencing,"Men's Fencing ¬∑ Home ¬∑ Roster ¬∑ Coaches ¬∑ Schedule ¬∑ News ¬∑ Archives ¬∑ Record Book ¬∑ Videos ¬∑ Recruit Questionnaire. Top Stories; Headlines. Geoffrey  Women's Fencing ¬∑ Home ¬∑ Roster ¬∑ Coaches ¬∑ Schedule ¬∑ News ¬∑ Archives ¬∑ Record Book ¬∑ Videos ¬∑ Recruit Questionnaire. Top Stories; Headlines. The Harvard Crimson fencing team is the intercollegiate fencing team for Harvard University located in Cambridge, Massachusetts. The team competes in ",3
Physics,"Physics is the natural science that studies matter, its motion and behavior through space and time, and that studies the related entities of energy an Physics is the study of the basic principles that govern the physical world around us. We'll start by looking at motion itself. Then, we'll learn abou Your guide to physics on the web. physics.org is the place to be if you have a burning physics question, or if you just want to browse articles and in",1
Harvard Alumni Association,"Explore the latest happenings and get involved with your Harvard alumni ... Get to know some of ...+Alumni Services+About the HAA Reconnect with Harvard and your classmates through our alumni directory, ... HAA Award Recipients Announced ... Follow @HarvardAlumni Harvard Alumni¬†.",3
Scandal,"Scandal is an American political thriller television series starring Kerry Washington. Created by Shonda Rhimes, it aired on ABC from April 5, 2012, u Watch the official Scandal online at ABC.com. Get exclusive videos, blogs, photos, cast bios, free episodes. Rating  7.7/10  (64,398) TV-14 | 43min | Drama, Thriller | TV Series (2012‚Äì2018)  ... A former White House Communications Director starts her own cris",1
Harvard Hillel,"Harvard Hillel is the catalyst for Jewish life, community, and personal exploration on Harvard University's campus. Oct 24, 2019 ¬∑ Harvard Hillel is the catalyst for Jewish life at Harvard University, transforming participants into creators, inspiring and enabling s Rating  4.9  (8) Harvard Hillel, Cambridge, MA. 1589 likes ¬∑ 5 talking about this ¬∑ 329 were here. Welcome to Harvard Hillel, the catalyst for Jewish ",3
Student financial aid,"Use the Free Application for Federal Student Aid (FAFSA¬Æ) form to apply for¬†...
Filling Out the FAFSA¬Æ Form ¬∑ myStudentAid app ¬∑ Types of Aid ¬∑ The FS Federal Student Aid, an office of the U.S. Department of Education: Proud sponsor ... can help you pay for education expenses not covered by other fin Sep 6, 2019 ¬∑ Financial Aid for Students. If you need help paying for college, technical, or career school, check out the options you may be eligible ",2
Office for the Arts at Harvard,"Adriana Col√≥n '12 says artists are scavengers, always asking ""What can I make from this?"" She will be on campus coaching the cast of West Side Story o Office of Career Services Faculty of Arts & Sciences Harvard University 54 Dunster Street Cambridge, MA 02138 617-495-2595 ocsrecep@fas.harvard.edu ¬†. The Office for the Arts at Harvard (OFA) supports student engagement in the arts and integrates the arts into University life. Through its programs an",3
Human resource,"A human resource is an employee who staffs a function within an organization. Find out more about the people, the career, and resources to help you.
A Human resources are the people who make up the workforce of an organization, business sector, or economy. ""Human capital"" is sometimes used¬†...
Human  Human resources is used to describe both the people who work for a company or organization and the department responsible for managing resources relat",1
Law school,2 days ago ¬∑ Recent J.D. recipients have different opinions about whether law school is worth the cost. Harvard Law School is one of the preeminent centers of legal education in the world. Led by a diverse and dedicated group of faculty and legal scholar,2
Harvard Pilgrim Health Care,"Harvard Pilgrim is a leading not-for-profit health services company serving members in Connecticut, Maine, Massachusetts, New Hampshire and beyond. Harvard Pilgrim Health Care is a not-for-profit health services company based in the New England region of the United States. On August 14, 2019, the  The Harvard Pilgrim Health Care Institute's Department of Population Medicine is a unique collaboration between Harvard Pilgrim Health Care and Harvar",3
The Harvard Gazette,"Official news from Harvard covering innovation in teaching, learning, and research. The Harvard Gazette is the official news outlet for Harvard University, covering Harvard innovation and discovery in teaching, learning, and research ",3
The Harvard Lampoon,"I hate to brag but I am pretty darn successful. I got a lifted ford ranger, a solid 6.5 wife (a Canada 5), a sick gig managing a Tim Horton's ‚Äì with a The first volume of the Lampoon appeared in February, 1876. ... on Punch, the British humor magazine, the debut issue took the Harvard campus by storm The Harvard Lampoon is an undergraduate humor publication founded in 1876 by seven undergraduates at Harvard University in Cambridge, Massachusetts.
O",3
Mount Auburn Street,"Built in 1890, this wood-framed building features attractive landscaping and is close to the shops and restaurants on Massachusetts Avenue. Selected¬†. This 1904 brick building is located right in Harvard Square. It is in the Mount Auburn Property Management Group. These units are expected to be offer 330 Mount Auburn Street Cambridge, MA 02138. Get walking ... Mount Auburn Cardiology Associates. 725 Concord Avenue Suite 3200. Cambridge, MA 02138.",1
Dormitory,"A dormitory is a building primarily providing sleeping and residential quarters for large numbers of people such as boarding school, high school, coll Dormitory definition is - a room for sleeping; especially : a large room containing numerous beds. How to use dormitory in a sentence. 4 days ago ¬∑ dormitory meaning: 1. a large room containing many beds, for example in a boarding school 2. a large building at a‚Ä¶. Learn more.",2
Masters Degree,"A master's degree (from Latin magister) is an academic degree awarded by universities or colleges upon completion of a course of study demonstrating m You don‚Äôt have to be a bachelor to get a bachelor‚Äôs degree, but you do need to demonstrate mastery to get a master‚Äôs degree.  Either way, you should k Learn how and why to get a master's degree. Find career paths that align with the highest paying master's degrees. View program requirements, length.",1
Ronald S Sullivan Jr,"Professor Sullivan is a leading theorist in the areas of criminal law, criminal procedure, trial practice and techniques, legal ethics, and race theor Ronald S. Sullivan Jr is a law professor at Harvard Law School. Sullivan graduated Phi Beta Kappa from Morehouse College in 1989 and received his Juri May 11, 2019 ¬∑ Ronald S. Sullivan Jr. and Stephanie Robinson led Winthrop House to commencement in 2017. They were the first African-American faculty¬†",2
Crimson,"3 days ago ¬∑ Fifty-two percent of respondents to Harvard's pilot Pulse Survey on Inclusion and Belong said they agree or strongly agree with a stateme The Harvard Crimson, the daily student newspaper of Harvard University, was founded in 1873. It is the only daily newspaper in Cambridge, Massachusett Crimson is a strong, red color, inclining to purple. It originally meant the color of the kermes dye produced from a scale insect, Kermes vermilio, bu",3
Winthrop House,"If the Harvard College House System is best compared to Hogwarts, then Winthrop is definitely the Gryffindor of the 12 undergraduate Houses of Harvard Winthrop House Common Areas.  Winthrop House is composed of Standish and Gore Halls, both of which have a rich history (see below) and boast a variety John Winthrop House (commonly Winthrop House) is one of twelve undergraduate residential Houses at Harvard University. It is home to approximately 400",3
Jorge I Dom√≠nguez,"Jorge I. Dom√≠nguez (born 1945), a leading scholar of Latin American studies in the United States, taught at Harvard University from 1972 to 2018, when May 23, 2018 ¬∑ The Chronicle of Higher Education published two articles in which 18 women publicly accused Government Professor Jorge I. Dominguez of¬† May 9, 2019 ¬∑ Dominguez Stripped of Emeritus Status Following Conclusion of Title ... that she has stripped former Government Professor Jorge I. Domin",4
Memorial Church,"The Memorial Church of Harvard University is a space of grace at the center of Harvard Yard serving the entire Harvard University community and beyond The Memorial Church of Harvard University, more commonly known as the Harvard Memorial Church (or simply MemChurch) is a building on the campus of ¬†.. The latest from MemChurch: Listen to the Rev. Kaji Dou≈°a's powerful sermon from last Sunday; Tomorrow: Harvard UChoir & HBCO Fall Concert at 4pm - mai",3
Speech,"Speech is human vocal communication using language. Each language uses phonetic combinations of vowel and consonant sounds that form the sound of its  These example sentences are selected automatically from various online news sources to reflect current usage of the word 'speech.'  Views expressed in From Middle English speche, from Old English sp«£ƒã, spr«£ƒã (‚Äúspeech, discourse, language‚Äù), from Proto-Germanic *sprƒìkij≈ç, *sprƒìk≈ç (‚Äúspeech, language‚Äù),",1
Harvard Office of Career Services,"The Office of Career Services is dedicated to educating, advising, and connecting students to opportunities for summer and post-graduation in order to 6 days ago ¬∑ The Office of Career Services (OCS) assists GSAS students and alumni in preparing for their professional futures. Through individual advi The Office of Career Services (OCS) is a team of advisors and recruitment professionals who work with current students, alumni, and employers with a f",1
Latin honors,"Latin honors are Latin phrases used in some colleges and universities to indicate the level of distinction with which an academic degree has been earn As a bachelor's degree student, if you have a sufficiently high grade point average (GPA) upon degree conferral, you will receive Latin Honor designat Jun 25, 2019 ¬∑ Collectively known as Latin honors, these three terms signify varying levels of high academic achievement. Latin honors are conferred a",4
History and traditions of Harvard commencements,"What was originally called Harvard Colledge held its first Commencement in September 1642, when nine degrees were conferred. Today some 1700¬†...
Daybr The Spirit & Spectacle of Harvard Commencement ... The clear-cut lines of history can snip ribbons and bows alike to give us a glimpse inside the box. What was originally called Harvard Colledge (around which Harvard University eventually grew) held its first Commencement in September 1642, when nine",3
Bookselling,"Bookselling is the commercial trading of books which is the retail and distribution end of the publishing process. People who engage in bookselling ar Oct 6, 2018 ¬∑ Bookselling has been relentlessly romanticised, most often by Hollywood: in truth , it is further away from You've Got Mail (Tom Hanks's 3 days ago ¬∑ Bookselling This Week recently talked to the owners of three bookstores with retail spaces under 1,500 square feet to see how they maximi",1
Science museum,"Features a revolving schedule of temporary exhibits, IMAX films, and Planetarium shows, plus details on more than 700 interactive permanent exhibits,  Plan ahead and buy your BODY WORLDS or general Exhibit Halls tickets at least one day before your visit and save $3 on each ticket.  Discount will be  The Museum of Science (MoS) is a science museum and indoor zoo in Boston, Massachusetts, located in Science Park, a plot of land spanning the Charles¬†",1
Dean,"Kwon Hyuk (Korean: Í∂åÌòÅ; born November 10, 1992), better known by his stage name Dean, is a South Korean alternative R&B singer-songwriter, rapper and¬†. Title[edit]. Dean (education) ¬∑ Dean (Christianity), persons in certain positions of authority within a religious hierarchy; The head of a Bar associa Official Dean Guitars website showing the world's finest selection of Electric Guitars, Bass Guitars, Acoustic Guitars, guitar pickups guitar amps, an",1
Art museum,"The Harvard Art Museums ‚Äî the Fogg, Busch-Reisinger, and Arthur M. Sackler Museums. Advanced Search. Classification; Work Type; Technique / Medium¬†... The Harvard Art Museums are committed to creating an environment that fosters ... The Art Study Center welcomes visitors by appointment (free with mus The MFA is one of the most comprehensive art museums in the world; the collection encompasses nearly 450000 works of art. We welcome more than one ¬†..",3
Kyle Kashuv,"Just to be very clear about the Gaza situation:  Gaza just launched 10 rockets at Israel. Israel has absolutely every right to defend itself. No other Kyle Kashuv (born May 20, 2001) is an American conservative activist. He survived the 2018 Stoneman Douglas High School shooting and subsequently¬†...
 Jun 17, 2019 ¬∑ A teen conservative activist got in trouble for past racist comments.  ... Kashuv is a recent graduate of Marjory Stoneman Douglas High",2
Richard A and Susan F Smith Campus Center,"The Richard A. and Susan F. Smith Campus Center. The Smith Campus Center is a dynamic center of University life, enabling the greater Harvard communit Harvard Affiliates ‚Äì 10th Floor of the Smith Campus Center The Heights ... Richard A. and Susan F. Smith Campus Center, Room 734. Cambridge, MA 02138 The Smith Campus Center serves as a welcoming and vibrant entrance to Harvard University as well ... While many of the spaces within the Smith Campus ",3
Academic conference,"An academic conference or scientific conference is an event for researchers (not necessarily academics) to present and discuss their work. Together wi Feb 19, 2019 ¬∑ Are you making the most of the academic conferences you're attending? Read this guide to find out if you're missing a trick. Insight on what takes place at academic conferences, presenting your work, networking and paying for it all.",4
University of Cambridge,"The mission of the University of Cambridge is to contribute to society through the pursuit of education, learning and research at the highest internat The University of Cambridge is a collegiate public research university in Cambridge, United Kingdom. Founded in 1209 and granted a royal charter by Ki Thinking of #postgraduate study at #Cambridge? Here's how to apply ‚¨á  @Cam_Grads #CambridgeOpenDays pic.twitter.com/1fZ6bH1X6‚Ä¶",0
Parkland,"On February 14, 2018, a gunman opened fire with a semi-automatic rifle at Marjory Stoneman Douglas High School in Parkland, Florida, in the Miami¬†...
 Parkland is a city in Broward County, Florida, United States. As of the 2010 census, the population of Parkland was 23,962. Parkland is part of the Mi Feb 15, 2018 ¬∑ The teen gunman accused of opening fire with a semi-automatic rifle at his former high school in Parkland, Florida, has been charged wi",2
Harvard Crimson mens ice hockey,"... sale for the Harvard Crimson men's and women's basketball and hockey teams . Full Story ¬∑ James Marcou joins the Harvard men's ice hockey coaching 2018-19 Harvard Men's Ice Hockey Roster ... Wt.: 205, Hometown: Grosse Pointe, Mich. High School: University Liggett School. No.: 6, Colton Kerfoot fu 2018-19 Harvard Men's Ice Hockey Schedule. Overall 19-11- .... Boston University. ESPN+. Final - .... Lake Placid, N.Y. ECAC Hockey Semifinals l ESPN+",3
SAT,"Millions of students take the SAT each year as a step on their path to college. Visit our site to learn about the test, register, practice, and get yo",1
Fellow,"Greetings fellow coffee lovers. What happens when a love for coffee and a passion for product design meet up for a romantic candlelit dinner? Fellow h Fellow definition is - comrade, associate. How to use fellow in a sentence. Did You Know? A fellow is a member of an academy, learned society or group of learned people ( a fellowship) which works together in pursuing mutual knowledge or pr",1
American football,"American football, referred to as football in the United States and Canada and also known as gridiron, is a team sport played by two teams of eleven p American Football is an American rock band from Urbana, Illinois, United States, originally active from 1997 until 2000, and again from 2014. Guitaris Year One Demos documents the first proper demos we ever recorded and features versions of tracks that would later appear on our debut album and EP.
Li",1
Artificial intelligence,"In computer science, artificial intelligence (AI), sometimes called machine intelligence, is intelligence demonstrated by machines, in contrast to the ‚ÄúEverything we love about civilization is a product of intelligence, so amplifying our human intelligence with artificial intelligence has the potenti Artificial intelligence (AI) is wide-ranging branch of computer science concerned with building smart machines capable of performing tasks the typical",1
Harvard University Graduate School Of Design,"Back to top. The Graduate School of Design educates leaders in design, research, and scholarship to make a resilient, just, and beautiful world. The Harvard Graduate School of Design is a professional graduate school at Harvard University, located at Gund Hall, Cambridge, Massachusetts. The GSD Harvard Graduate School of Design, Cambridge, MA. 80K likes. This is the official page for the Harvard Graduate School of Design and is open to anyone",2
Harvard Kennedy School,"We believe that smart public policy and inspired public leadership can make people's lives safer, freer, and more prosperous. The John F. Kennedy School of Government at Harvard University is a public policy and public administration school, of Harvard¬†...
History ¬∑ Academics The advantage for STEM majors fades steadily after their first jobs, and by age 40 the earnings of people who majored in fields like social science or",2
Senior management,"Senior management, executive management, upper management, or a management team is generally a team of individuals at the highest level of management¬† Definition of senior management: A group of high level executives that actively participate in the daily supervision, planning and administrative proc The title of senior manager is most often used and encountered in large organizations with multiple layers of management. A senior manager has¬†...",1
Harvard Book Store,"Explore book recommendations, author events, gifts, and more from Harvard ... Gift Cards: Redeemable at Harvard Book Store and online at harvard.com. Harvard Book Store is an independently run bookstore serving the greater Cambridge area. The bookstore is located in Harvard Square and has been¬†... Harvard Book Store is an independent and locally owned seller of used, new, and bargain books in Cambridge's Harvard Square. Harvard Book Store was¬†..",3
Racism,"Racism is the belief in the superiority of one race over another. It may also mean prejudice, discrimination, or antagonism directed against other peo Racism is the belief that a particular race is superior or inferior to another, that a person‚Äôs social and moral traits are predetermined by his or he Racism definition is - a belief that race is the primary determinant of human traits and capacities and that racial differences produce an inherent su",1
 Center for Nanoscale Systems,"The Center for Nanoscale Systems (CNS) is a shared-use core facility at Harvard University. Our scientific focus is the study, design and fabrication  The Center for Nanoscale Systems (CNS) was created to support a very clear vision: The development of a collaborative multi-disciplinary research envi The Center for Nanoscale Systems (CNS) is the shared-use core facility at Harvard University for nanoscale research. We provide world-class, centraliz",0
Science Center,"The Science Center is open Monday through Sunday from 6am to 11:30pm. Harvard IDs are required to access to the building after hours. After 5:00 p.m.  Harvard Science Center 1 Oxford Street, Cambridge. IBM ASCC - Harvard Mark 1 IBM Automatic Sequence Controlled Calculator (ASCC) - Harvard Mark 1. The Harvard University Science Center is Harvard's main classroom and laboratory building for undergraduate science and mathematics, in addition to ho",3
Barack Obama,"Barack Hussein Obama II is an American attorney and politician who served as the 44th president of the United States from 2009 to 2017. A member of th Proud to endorse an outstanding group of Virginia Democrats in Tuesday‚Äôs election‚Äîcandidates who‚Äôll not only advance the causes of equality, justice, ",1
Harvard Business School,"Initiatives are research-fueled ""communities of engagement"" where faculty, students, and alumni connect with practitioners in the field to develop ins Harvard Business School Executive Education programs are designed specifically for executives at critical transition points in their careers.",2
Ice hockey,"Ice hockey is a contact team sport played on ice, usually in a rink, in which two teams of skaters use their sticks to shoot a vulcanized rubber puck  Oct 4, 2019 ¬∑ Ice hockey, game between two teams, each usually having six players, who wear skates and compete on an ice rink. The object is to propel Access official Olympic Ice Hockey sport and athlete records, events, results, photos, videos, news and more.",4
Harvard TH Chan School of Public Health,"Harvard School of Public Health brings together dedicated experts from many disciplines to educate new generations of global health leaders and produc The Harvard T.H. Chan School of Public Health is the public health graduate school of Harvard University, located in the Longwood Medical Area of Bost College & University in Boston, Massachusetts.  ... www.hsph.harvard.edu.  ... Harvard Chan‚Äôs Francesca Dominici discussed her research on the growing",2
Hall,"Definition of Hall (Entry 2 of 7)  ... These example sentences are selected automatically from various online news sources to reflect current usage of In architecture, a hall is a relatively large space enclosed by a roof and walls. In the Iron Age and early Middle Ages in northern Europe, a mead hal Software and strategy designed for your community to thrive.",1
Peabody Museum of Archaeology and Ethnology,"... the Peabody Museum is among the oldest archaeological and ethnographic museums in the world with one of the finest collections of human cultural h The Peabody Museum of Archaeology and Ethnology is a museum affiliated with Harvard University in Cambridge, Massachusetts. Founded in 1866, the¬†...
H Rating  4.5  (159) From towering Native American totem poles and large Maya sculptures to precious artifacts of the ancient world, the Peabody Museum ",3
Business school,"A business school is a university-level institution that confers degrees in business administration or management. According to Kaplan, business schoo A career in business starts with finding the MBA program that fits your needs. With the U.S. News rankings of the top business schools, narrow your se",2
Lacrosse,"Lacrosse is a team sport played with a lacrosse stick and a lacrosse ball. Players use the head of the lacrosse stick to carry, pass, catch, and shoot Cambridge Youth Lacrosse is a 501(c)(3) non-profit organization looking to promote the growth of both boys and girls lacrosse in Cambridge, Massachuse Cambridge Rindge & Latin High School Lacrosse.  ... 459 Broadway, Cambridge, MA 02138.  ... If you are not the coach but have access to this team's sc",1
Harvard Crimson mens basketball,"2019-20 Men's Basketball Roster .... The Thomas G. Stemberg '71 Family Endowed Coach for Harvard Men's Basketball: Tommy Amaker (13th season, Duke¬†... Men's Basketball ¬∑ Home ¬∑ Coaches ¬∑ Roster ¬∑ Schedule ¬∑ Statistics ¬∑ News ¬∑ Ivy League Tournament ¬∑ Archives ¬∑ Record Book ¬∑ Crimson In The Pros ¬∑ Vid 2018-19 Harvard Men's Basketball Schedule. Overall 19-12. Pct. .613. Conf. 10-4 . Pct. .714 ... vs. Crimson Madness #. Free Admission | TV: ESPN+. 7:0",3
HKS Inc,"HKS is an international design firm of more than 1400 architects, interior designers, urban designers, scientists, artists, anthropologists and more.  HKS, Inc. is an American international architecture firm headquartered in Dallas, Texas (USA). Contents. 1 History; 2 Services; 3 Notable Projects; 4  Learn about working at HKS, Inc.. Join LinkedIn today for free. See who you know at HKS, Inc., leverage your professional network, and get hired.",1
HKS,"HKS is an international design firm of more than 1400 architects, interior designers, urban designers, scientists, artists, anthropologists and more.  We believe that smart public policy and inspired public leadership can make people's lives safer, freer, and more prosperous.
Master's Programs ¬∑ Admi HKS specializes in aftermarket high performance auto parts engineering and manufacturing. Contact us today!
Products ¬∑ Support ¬∑ About ¬∑ By Make",1
Harvard Law School,"Harvard Law School is one of the preeminent centers of legal education in the world. Led by a diverse and dedicated group of faculty and legal scholar Harvard Law School is the law school of Harvard University in Cambridge, Massachusetts. Founded in 1817, it is the oldest continuously operating law s",2
Freshman,"A freshman, first year, or frosh, is a person in the first year at an educational institution, usually a secondary or post-secondary school.
Brazil ¬∑  A freshman is usually a student in their first year of high school. They enjoy stopping in the middle of the hallway to hug their friends during the 6 These example sentences are selected automatically from various online news sources to reflect current usage of the word 'freshman.' Views expressed i",2
Deportation,"Deportation is the expulsion of a person or group of people from a place or country. The term expulsion is often used as a synonym for deportation, th 14 hours ago ¬∑ An undocumented teenager protesting Trump's deportation regime got deported by ICE. The FBI helped.",1
Graduate School of Arts and Sciences,"The Graduate School of Arts and Sciences (GSAS) at Harvard University is where scholarship and innovation meet, where ideas are challenged and theorie 4 days ago ¬∑ We're delighted that you are interested in pursuing an advanced degree at the Graduate School of Arts and Sciences (GSAS). Harvard has a¬† The Graduate School of Arts and Sciences (GSAS) is the largest of the twelve graduate schools of Harvard University. Formed in 1872, GSAS is responsib",2
Mathematics,"Mathematics includes the study of such topics as quantity (number theory), structure (algebra), space (geometry), and change (mathematical analysis).  Mathematics, the science of structure, order, and relation that has evolved from counting, measuring, and describing the shapes of objects. The Mathematics I course, often taught in the 9th grade, covers Linear equations, inequalities, functions, and graphs; Systems of equations and inequa",1
Cover letter,"The cover letter is a tool to help introduce yourself in a memorable, personal way during a job application. A well-crafted cover letter goes over inf Cover Letter Samples & Writing Tips.  ... Do you need to write a cover letter to apply for a job?  ... Review these tips for what to include in a cove",1
Convocation,"A convocation is a group of people formally assembled for a special purpose, mostly ecclesiastical or academic. Student receiving academic degree from Convocation definition is - an assembly of persons called together to a meeting. How to use convocation in a sentence. Aug 23, 2012 ¬∑ It's the most wonderful time of the year... the start of the academic year, that is. In the spirit of the season, my campus held three ",1
Canvas,"Enter your Email and we'll send you a link to change your password. Request Password. Back to Login. Need a Canvas Account? Click Here, It's Free! See why Canvas by Instructure is the world's fastest-growing learning platform. We create ...Duration: 2:40 Please Log In. To log in, please select your login type from the tabs below and enter your credentials. If you're not sure what login type to use, loo",1
Academic department,"An academic department is a division of a university or school faculty devoted to a particular academic discipline. This article covers United States  Cambridge Public Schools Logo Cambridge Public Schools. School Registration ¬∑ Calendar ¬∑ Employment ¬∑ Contact CPS ¬∑ Students & Families ¬∑ Teachers & S Bentley University in Massachusetts is one of the nation's leading business schools with undergraduate offerings, MBA programs and seven MS degrees.",2
Information technology,"Feb 25, 2019 ¬∑ If you're looking to get a better handle on what information technology is and the many facets of this field, then you've come to the r Information technology (IT) is the use of computers to store, retrieve, transmit, and manipulate data, or information, often in the context of a busin Information technology is a rapidly growing field that offers secure positions for individuals with a minimum of a bachelor's degree in an IT-related ",4
Phillips Brooks House,"Phillips Brooks House Association. Harvard Yard. Cambridge, MA. 02138. Phone : (617) 495-5526. Fax: (617) 496-2461. Email: PBHA@PBHA.org.About UsProgr",3
Public policy,"Public policy is the principled guide to action taken by the administrative executive branches of the state with regard to a class of issues, in a man Getting scholars to agree on a single, all-inclusive definition of public policy is no easy task. Broadly, we might say that a public policy is simply Definitions of Public Policy and the Law Contributed by. Dean G. Kilpatrick, Ph.D. National Violence Against Women Prevention Research Center Medical¬†",0
New York University,"About NYU ¬∑ In a new book, former NYU President John Sexton warns of an increasing ""lack of intellectual openness"" in public discou ... Academic Progr New York University (NYU) is a private research university based in New York City. Founded in 1831, NYU's historical campus is in Greenwich Village, L Rating  5.0  (45) New York University is a private institution that was founded in 1831. It has a total undergraduate enrollment of 26,733, and the se",0
University of Pennsylvania,"The Power of Penn - Advancing Knowledge for Good ... to better determine which genetic mutations to target with immunotherapy. https://bit.ly/2PpWK2j  We are the Perelman School of Medicine -- the Nation's First -- and the Hospital of the University of Pennsylvania -- the nation's first hospital buil The University of Pennsylvania (Penn or UPenn) is a private Ivy League research university in Philadelphia, Pennsylvania. It is one of the nine coloni",0
Brown Bears football,"The official Football page for the Brown University Bears. The official 2019 Football schedule for the Brown University Bears. For information on all Brown University sports, see Brown Bears. The Brown Bears football program is the intercollegiate American football team for Br",0
Spring,"Spring Boot is designed to get you up and running as quickly as possible, with minimal upfront configuration of Spring. Spring Boot takes an opinionat A key element of Spring is infrastructural support at the application level: Spring focuses on the ""plumbing"" of enterprise applications so that teams Spring is one of the four temperate seasons, following winter and preceding summer. There are various technical definitions of spring, but local usage",1
Writing center,"The Writing Center, part of the Harvard College Writing Program, is a place for Harvard undergraduates to get help with any aspect of their writing, f The CAS Writing Center offers one-on-one appointments free of charge to students with papers from Writing Program courses (CAS WR courses) and their ¬† The Northeastern University Writing Center‚Äìpart of the Writing Program and Department of English in the College of Social Sciences and Humanities‚Äìis o",3
Application for employment,"Standard Application for Employment. It is our policy to comply with all applicable state and federal laws prohibiting discrimination in employment ba Aug 14, 2017 ¬∑ Please print or type. The application must be fully completed to be considered. Please complete each section, even if you attach a resu I certify that the information contained in this application is correct to the best of my knowledge. I understand that to falsify information is groun",1
Innovation,"Innovation definition is - the introduction of something new. How to use innovation in a sentence. What is the difference between innovation and inven Innovation in its modern meaning is ""a new idea, creative thoughts, new imaginations in form of device or method"". Innovation is often also viewed as  Mar 18, 2016 ¬∑ I spoke to 15 of the world's leading innovation experts to get their definition of "" innovation"". The variety in their responses may su",1
Yale Bulldogs football,"Season Record. Overall 4-1; PCT .800; Conf 1-1; PCT .500; Streak W1; Home 3-0 ; Away 1-1; Neutral 0-0. Scheduled Games. Holy Cross Logo. Sep 21 (Sat)  The official Football page for the. ... 25 Bulldogs Strike Early, Take Down Northeastern READ ‚û° https://t.co/x7A6q6w2zr #ThisIsYale https://t.co/ D8Cc Rawlings leads Yale to 46-41 shootout win over Penn.  Kurt Rawlings accounted for four touchdowns, Zane Dudek rushed for three scores and Yale outlast",1
Harvard‚ÄìYale football rivalry,"The Harvard‚ÄìYale football rivalry is renewed annually with The Game, an American college football contest between the Harvard Crimson football team of ... been suggested that this article be merged into Harvard‚ÄìYale football rivalry. ( Discuss) Proposed since September 2018. The football teams of Har Yale has 103 national titles to its credit, including several in football, swimming ... Although crew enthusiasts may bristle, the football rivalry be",3
Hillel International,"Hillel is the largest Jewish campus organization in the world. We engage with college students at more than 550 universities across the globe. Hillel  Hillel: The Foundation for Jewish Campus Life is the largest Jewish campus organization in the world, working with thousands of college students globa Rating  4.7  (55) Hillel International, Washington, District of Columbia. 111396 likes ¬∑ 823 talking about this. Enriching the lives of Jewish student",1
Harvard University Band,"Homepage of the Harvard University Band, the university's official student band since 1919.
About the Band ¬∑ Reunion ¬∑ Join the Band ¬∑ Support the Ban The Harvard University Band (HUB) is the official student band of Harvard University. The Harvard Wind Ensemble, the Harvard Summer Pops Band, and the Rating  4.3  (25) Harvard University Band, Cambridge, MA. 1441 likes ¬∑ 1 talking about this ¬∑ 315 were here. Undefeated since 1919. Illegitimum non Ca",3
Scholarship,"Supporting students by breaking down barriers, opening doors, and offering access to college scholarships. Browse our scholarships.
Browse Scholarship Welcome to Scholarships.com's Free Scholarship Search! Search from nearly 4 million scholarships, along with other financial aid, including grants and Find millions of dollars in college scholarships using our free scholarship search. Apply for Unigo Scholarships in minutes. Easy & Free!",1
College of the Holy Cross,"Founded in 1843 by the Society of Jesus (Jesuits) in Worcester, Massachusetts, the College is a highly selective, four year, undergraduate, liberal ar The College of the Holy Cross, or better known simply as Holy Cross, is a private Jesuit liberal arts college in Worcester, Massachusetts. Founded in  Rating  5.0  (2) It has a total undergraduate enrollment of 3,128, its setting is suburban, and the campus size is 174 acres.  ... College of the Holy",1
Rowing,"Rowing, sometimes referred to as crew in the United States, is a sport whose origins reach back to Ancient Egyptian times. It involves propelling a bo Adult Rowing. CRI adult programs are for rowers of all athletic backgrounds and ages. We offer a variety of programs to match any skill level or compe",1
Funding,"Funding is the act of providing resources to finance a need, program, or project. While this is usually in the form of money, it can also take the for Expand, hire staff, or fund your next step with fast, affordable business loans.  ... $10.9 billion through Funding Circle.  ... In the small business College is expensive these days, so if you plan on going, you may need some funding ‚Äî or money that makes projects possible.",1
