Keywords,Cluster
Massachusetts Institute of Technology,2
Undergraduate education,6
MIT Mystery Hunt,1
App Inventor for Android,1
Boston University,3
Ice hockey rink,4
Summer camp,6
Graduate school,0
MIT Chemistry Department,6
Doctor of Philosophy,0
Alumnus,5
Neuroscience,0
Professor,5
Mechanical Engineering,6
Recreation,5
MIT Engineers football,1
Evaluation,4
MIT Department of Electrical Engineering and Computer Science,6
Undergraduate Research Opportunities Program,6
MATLAB,0
MIT Computer Science  Artificial Intelligence Laboratory,1
Organization,5
Fellow,5
Economics,0
Artificial general intelligence,0
MIT Recreation  Zesiger Sports and Fitness Center,1
Worcester Polytechnic Institute,2
Analytics,0
MIT Media Lab,1
Computer Science,6
MIT Coop at Stratton,1
MIT Sloan Sports Analytics Conference,1
Intelligence quotient,0
Massachusetts Avenue,2
MIT Department of Aeronautics and Astronautics,1
Ivy League,0
Business school,0
Dropbox,0
MIT Medical,1
Tennis,0
Physical education,0
Worlds fair,0
Bitcoin,0
Physics,0
Hackathon,1
Dartmouth College,0
MIT Department of Economics,6
Emergency,5
MIT Lincoln Laboratory,1
Brandeis,3
MIT Technology Review,2
Thesis,0
Neri Oxman,1
Brad Pitt,0
Princeton University,3
Innovation,5
Tuition payments,0
MIT Physics Department,6
Track and field,0
Seminar,5
60 Minutes,0
MIT Federal Credit Union,1
Berkeley,3
Artificial intelligence,0
GitHub,0
Softball,4
Scratch,0
Final examination,0
Suicide,0
Justin Trudeau,0
Academic personnel,0
Biology,0
Webmail,0
Facility management,0
University of California Los Angeles,0
Ranking,0
Laboratory,0
Google Scholar,0
Financial endowment,5
Kendall Square,4
Algorithm,5
Data science,0
Northeastern University,3
Hooding,0
SAT,0
Mathematics,5
Yale University,3
Employee benefits,0
MIT Museum,1
Public key certificate,0
Robot,2
Stanford University,3
MIT Libraries,1
Parking lot,6
Dormitory,5
Student orientation,2
Fire hose,0
MIT Department of Biology,6
Computer programming,6
Campus of the Massachusetts Institute of Technology,2
Dining room,0
Study skills,0
MIT Department of Earth Atmospheric and Planetary Sciences,1
Stellar,0
Externship,0
MITx,2
Grading in education,0
MITnano,0
Communication,0
Tufts University,3
Cornell University,3
Technology,2
Fraternities and sororities,0
Theorem,5
Cambridge,4
Academic term,0
Academic degree,0
Minor,5
Funding,5
Internship,0
MIT Department of Urban Studies and Planning,6
Admissions Office,0
Ray and Maria Stata Center,6
Spring,5
Outlook on the web,0
OpenCourseWare,1
Employment,4
Kerberos,1
Gym,4
MIT School of Architecture and Planning,1
Brown University,3
Science Olympiad,0
Leadership,0
Scholarship,0
Master of Business Administration,6
Architecture,5
Summer school,6
Lecture,5
Masters Degree,0
Venture capital,5
Chemistry,0
Campus,0
MIT class ring,1
Rat,0
Startup company,5
Google Calendar,0
Swimming,4
College Confidential,0
Postdoctoral researcher,0
MIT Industrial Liason Program,1
MIT Sloan School of Management,1
Human resource,5
Application software,5
Rowing,6
Commencement speech,0
Captain America,0
Practical joke,5
Dome,5
MIT Chapel,1
Health insurance,0
Northeastern United States,0
Engineering,6
Printing,4
MIT OpenCourseWare,1
Carnegie Mellon University,3
Invention,5
Course evaluation,4
Jeffrey Epstein,0
David Koch,0
Registrar,1
L Rafael Reif,1
Resignation,0
GitHub Inc,0
Conference hall,4
Institute,2
Auditorium,5
Influenza vaccine,0
Influenza,0
Nobel Memorial Prize in Economic Sciences,0
Institute of Electrical and Electronics Engineers,2
MIT Electrical Engineering and Computer Science Department,6
